{
  "POST /recommend/exposures" : {
    "transaction" : "POST /recommend/exposures",
    "sampleCount" : 2000,
    "errorCount" : 0,
    "errorPct" : 0.0,
    "meanResTime" : 15.349499999999999,
    "medianResTime" : 12.0,
    "minResTime" : 3.0,
    "maxResTime" : 93.0,
    "pct1ResTime" : 29.0,
    "pct2ResTime" : 37.0,
    "pct3ResTime" : 59.99000000000001,
    "throughput" : 118.18933932159318,
    "receivedKBytesPerSec" : 43.962567681863845,
    "sentKBytesPerSec" : 25.96720199666115
  },
  "GET /recommend/discover small page" : {
    "transaction" : "GET /recommend/discover small page",
    "sampleCount" : 2000,
    "errorCount" : 0,
    "errorPct" : 0.0,
    "meanResTime" : 188.63350000000014,
    "medianResTime" : 173.0,
    "minResTime" : 13.0,
    "maxResTime" : 676.0,
    "pct1ResTime" : 296.9000000000001,
    "pct2ResTime" : 330.9499999999998,
    "pct3ResTime" : 475.94000000000005,
    "throughput" : 110.02915772679759,
    "receivedKBytesPerSec" : 189.32660221364912,
    "sentKBytesPerSec" : 21.165408637976565
  },
  "Total" : {
    "transaction" : "Total",
    "sampleCount" : 10000,
    "errorCount" : 0,
    "errorPct" : 0.0,
    "meanResTime" : 235.79740000000027,
    "medianResTime" : 175.5,
    "minResTime" : 3.0,
    "maxResTime" : 1285.0,
    "pct1ResTime" : 588.0,
    "pct2ResTime" : 724.0,
    "pct3ResTime" : 878.9699999999993,
    "throughput" : 518.887505188875,
    "receivedKBytesPerSec" : 1883.7148778019928,
    "sentKBytesPerSec" : 105.69429377789021
  },
  "GET /recommend/discover default" : {
    "transaction" : "GET /recommend/discover default",
    "sampleCount" : 2000,
    "errorCount" : 0,
    "errorPct" : 0.0,
    "meanResTime" : 202.3655,
    "medianResTime" : 181.0,
    "minResTime" : 17.0,
    "maxResTime" : 1009.0,
    "pct1ResTime" : 316.0,
    "pct2ResTime" : 391.89999999999964,
    "pct3ResTime" : 659.96,
    "throughput" : 104.22094841063054,
    "receivedKBytesPerSec" : 600.0823895095101,
    "sentKBytesPerSec" : 20.15051988340281
  },
  "GET /recommend/discover tag filter" : {
    "transaction" : "GET /recommend/discover tag filter",
    "sampleCount" : 2000,
    "errorCount" : 0,
    "errorPct" : 0.0,
    "meanResTime" : 567.5775000000001,
    "medianResTime" : 567.0,
    "minResTime" : 47.0,
    "maxResTime" : 1285.0,
    "pct1ResTime" : 825.9000000000001,
    "pct2ResTime" : 871.0,
    "pct3ResTime" : 1200.99,
    "throughput" : 110.0957833314984,
    "receivedKBytesPerSec" : 644.8356798930695,
    "sentKBytesPerSec" : 24.082108661097653
  },
  "GET /recommend/discover next page" : {
    "transaction" : "GET /recommend/discover next page",
    "sampleCount" : 2000,
    "errorCount" : 0,
    "errorPct" : 0.0,
    "meanResTime" : 205.0610000000002,
    "medianResTime" : 179.0,
    "minResTime" : 13.0,
    "maxResTime" : 767.0,
    "pct1ResTime" : 336.0,
    "pct2ResTime" : 448.9499999999998,
    "pct3ResTime" : 600.97,
    "throughput" : 118.65211200759373,
    "receivedKBytesPerSec" : 527.287784208887,
    "sentKBytesPerSec" : 23.056225806092783
  }
}