{
  "GET /rank/top10 daily" : {
    "transaction" : "GET /rank/top10 daily",
    "sampleCount" : 100,
    "errorCount" : 0,
    "errorPct" : 0.0,
    "meanResTime" : 16.870000000000015,
    "medianResTime" : 16.5,
    "minResTime" : 5.0,
    "maxResTime" : 31.0,
    "pct1ResTime" : 21.0,
    "pct2ResTime" : 22.0,
    "pct3ResTime" : 31.0,
    "throughput" : 19.451468585878235,
    "receivedKBytesPerSec" : 44.09917665580626,
    "sentKBytesPerSec" : 2.6213893211437465
  },
  "Total" : {
    "transaction" : "Total",
    "sampleCount" : 400,
    "errorCount" : 0,
    "errorPct" : 0.0,
    "meanResTime" : 24.257499999999997,
    "medianResTime" : 16.0,
    "minResTime" : 1.0,
    "maxResTime" : 93.0,
    "pct1ResTime" : 62.0,
    "pct2ResTime" : 67.0,
    "pct3ResTime" : 77.97000000000003,
    "throughput" : 75.44322897019993,
    "receivedKBytesPerSec" : 100.60877675877029,
    "sentKBytesPerSec" : 11.843260797812148
  },
  "GET /rank/list weekly page" : {
    "transaction" : "GET /rank/list weekly page",
    "sampleCount" : 100,
    "errorCount" : 0,
    "errorPct" : 0.0,
    "meanResTime" : 16.900000000000002,
    "medianResTime" : 16.0,
    "minResTime" : 12.0,
    "maxResTime" : 32.0,
    "pct1ResTime" : 20.0,
    "pct2ResTime" : 24.849999999999966,
    "pct3ResTime" : 31.93999999999997,
    "throughput" : 19.50078003120125,
    "receivedKBytesPerSec" : 48.25509914927847,
    "sentKBytesPerSec" : 2.9136907663806553
  },
  "GET /rank/health" : {
    "transaction" : "GET /rank/health",
    "sampleCount" : 100,
    "errorCount" : 0,
    "errorPct" : 0.0,
    "meanResTime" : 2.899999999999999,
    "medianResTime" : 2.0,
    "minResTime" : 1.0,
    "maxResTime" : 43.0,
    "pct1ResTime" : 4.0,
    "pct2ResTime" : 4.0,
    "pct3ResTime" : 42.619999999999806,
    "throughput" : 19.267822736030826,
    "receivedKBytesPerSec" : 5.793518184007707,
    "sentKBytesPerSec" : 2.4084778420038533
  },
  "POST /rank/rebuild daily" : {
    "transaction" : "POST /rank/rebuild daily",
    "sampleCount" : 100,
    "errorCount" : 0,
    "errorPct" : 0.0,
    "meanResTime" : 60.360000000000014,
    "medianResTime" : 59.5,
    "minResTime" : 47.0,
    "maxResTime" : 93.0,
    "pct1ResTime" : 70.9,
    "pct2ResTime" : 75.0,
    "pct3ResTime" : 92.87999999999994,
    "throughput" : 19.164430816404753,
    "receivedKBytesPerSec" : 5.5947411604062856,
    "sentKBytesPerSec" : 4.19221924108854
  }
}