{
  "POST /recommend/exposures" : {
    "transaction" : "POST /recommend/exposures",
    "sampleCount" : 2000,
    "errorCount" : 0,
    "errorPct" : 0.0,
    "meanResTime" : 3.7835,
    "medianResTime" : 4.0,
    "minResTime" : 2.0,
    "maxResTime" : 16.0,
    "pct1ResTime" : 5.0,
    "pct2ResTime" : 6.0,
    "pct3ResTime" : 8.0,
    "throughput" : 6.886601771922636,
    "receivedKBytesPerSec" : 2.5616410040321056,
    "sentKBytesPerSec" : 1.5130281055130692
  },
  "GET /recommend/discover small page" : {
    "transaction" : "GET /recommend/discover small page",
    "sampleCount" : 2000,
    "errorCount" : 0,
    "errorPct" : 0.0,
    "meanResTime" : 125.11249999999993,
    "medianResTime" : 122.0,
    "minResTime" : 82.0,
    "maxResTime" : 263.0,
    "pct1ResTime" : 146.0,
    "pct2ResTime" : 155.94999999999982,
    "pct3ResTime" : 177.0,
    "throughput" : 6.874056965310071,
    "receivedKBytesPerSec" : 11.859601038326304,
    "sentKBytesPerSec" : 1.3223262227658454
  },
  "Total" : {
    "transaction" : "Total",
    "sampleCount" : 10000,
    "errorCount" : 0,
    "errorPct" : 0.0,
    "meanResTime" : 283.7391000000002,
    "medianResTime" : 393.0,
    "minResTime" : 2.0,
    "maxResTime" : 810.0,
    "pct1ResTime" : 466.0,
    "pct2ResTime" : 496.0,
    "pct3ResTime" : 560.0,
    "throughput" : 34.21891895591234,
    "receivedKBytesPerSec" : 133.12400578000316,
    "sentKBytesPerSec" : 6.970143164471523
  },
  "GET /recommend/discover default" : {
    "transaction" : "GET /recommend/discover default",
    "sampleCount" : 2000,
    "errorCount" : 0,
    "errorPct" : 0.0,
    "meanResTime" : 424.94200000000006,
    "medianResTime" : 416.0,
    "minResTime" : 260.0,
    "maxResTime" : 734.0,
    "pct1ResTime" : 479.0,
    "pct2ResTime" : 505.9499999999998,
    "pct3ResTime" : 598.95,
    "throughput" : 6.862334703512829,
    "receivedKBytesPerSec" : 39.62896093422967,
    "sentKBytesPerSec" : 1.3267861745829415
  },
  "GET /recommend/discover tag filter" : {
    "transaction" : "GET /recommend/discover tag filter",
    "sampleCount" : 2000,
    "errorCount" : 0,
    "errorPct" : 0.0,
    "meanResTime" : 441.9894999999995,
    "medianResTime" : 432.0,
    "minResTime" : 295.0,
    "maxResTime" : 810.0,
    "pct1ResTime" : 503.0,
    "pct2ResTime" : 530.9499999999998,
    "pct3ResTime" : 600.99,
    "throughput" : 6.867565859956597,
    "receivedKBytesPerSec" : 39.86108255586765,
    "sentKBytesPerSec" : 1.502172726148944
  },
  "GET /recommend/discover next page" : {
    "transaction" : "GET /recommend/discover next page",
    "sampleCount" : 2000,
    "errorCount" : 0,
    "errorPct" : 0.0,
    "meanResTime" : 422.8680000000003,
    "medianResTime" : 416.0,
    "minResTime" : 244.0,
    "maxResTime" : 742.0,
    "pct1ResTime" : 482.0,
    "pct2ResTime" : 508.0,
    "pct3ResTime" : 577.98,
    "throughput" : 6.879377003618552,
    "receivedKBytesPerSec" : 39.73161010851357,
    "sentKBytesPerSec" : 1.3367657393696428
  }
}