{
  "GET /rank/top10 daily" : {
    "transaction" : "GET /rank/top10 daily",
    "sampleCount" : 12500,
    "errorCount" : 0,
    "errorPct" : 0.0,
    "meanResTime" : 843.3276800000003,
    "medianResTime" : 938.0,
    "minResTime" : 17.0,
    "maxResTime" : 1097.0,
    "pct1ResTime" : 1036.0,
    "pct2ResTime" : 1051.0,
    "pct3ResTime" : 1070.0,
    "throughput" : 245.42527291290347,
    "receivedKBytesPerSec" : 573.031601111531,
    "sentKBytesPerSec" : 32.835217176824
  },
  "Total" : {
    "transaction" : "Total",
    "sampleCount" : 25000,
    "errorCount" : 0,
    "errorPct" : 0.0,
    "meanResTime" : 842.3479600000011,
    "medianResTime" : 982.0,
    "minResTime" : 17.0,
    "maxResTime" : 1099.0,
    "pct1ResTime" : 1041.0,
    "pct2ResTime" : 1054.0,
    "pct3ResTime" : 1072.0,
    "throughput" : 490.47497596672616,
    "receivedKBytesPerSec" : 1145.4252555987719,
    "sentKBytesPerSec" : 69.21253322967962
  },
  "GET /rank/list weekly page" : {
    "transaction" : "GET /rank/list weekly page",
    "sampleCount" : 12500,
    "errorCount" : 0,
    "errorPct" : 0.0,
    "meanResTime" : 841.3682400000015,
    "medianResTime" : 934.0,
    "minResTime" : 39.0,
    "maxResTime" : 1099.0,
    "pct1ResTime" : 1036.0,
    "pct2ResTime" : 1051.0,
    "pct3ResTime" : 1070.0,
    "throughput" : 246.94772610533803,
    "receivedKBytesPerSec" : 576.8269231362855,
    "sentKBytesPerSec" : 36.65630309376111
  }
}