{
  "GET /rank/top10 daily" : {
    "transaction" : "GET /rank/top10 daily",
    "sampleCount" : 200,
    "errorCount" : 0,
    "errorPct" : 0.0,
    "meanResTime" : 19.090000000000018,
    "medianResTime" : 17.0,
    "minResTime" : 12.0,
    "maxResTime" : 51.0,
    "pct1ResTime" : 28.0,
    "pct2ResTime" : 31.0,
    "pct3ResTime" : 50.99000000000001,
    "throughput" : 41.919932928107315,
    "receivedKBytesPerSec" : 54.88645593167051,
    "sentKBytesPerSec" : 5.608428526514357
  },
  "Total" : {
    "transaction" : "Total",
    "sampleCount" : 800,
    "errorCount" : 0,
    "errorPct" : 0.0,
    "meanResTime" : 19.029999999999994,
    "medianResTime" : 17.0,
    "minResTime" : 2.0,
    "maxResTime" : 115.0,
    "pct1ResTime" : 34.0,
    "pct2ResTime" : 39.94999999999993,
    "pct3ResTime" : 51.99000000000001,
    "throughput" : 161.3228473482557,
    "receivedKBytesPerSec" : 130.42495336761445,
    "sentKBytesPerSec" : 25.16730943738657
  },
  "GET /rank/list weekly page" : {
    "transaction" : "GET /rank/list weekly page",
    "sampleCount" : 200,
    "errorCount" : 0,
    "errorPct" : 0.0,
    "meanResTime" : 20.40999999999999,
    "medianResTime" : 17.0,
    "minResTime" : 13.0,
    "maxResTime" : 87.0,
    "pct1ResTime" : 29.900000000000006,
    "pct2ResTime" : 35.849999999999966,
    "pct3ResTime" : 86.99000000000001,
    "throughput" : 42.02563563773902,
    "receivedKBytesPerSec" : 55.97494549800378,
    "sentKBytesPerSec" : 6.238180289976886
  },
  "GET /rank/health" : {
    "transaction" : "GET /rank/health",
    "sampleCount" : 200,
    "errorCount" : 0,
    "errorPct" : 0.0,
    "meanResTime" : 4.970000000000001,
    "medianResTime" : 4.0,
    "minResTime" : 2.0,
    "maxResTime" : 52.0,
    "pct1ResTime" : 6.900000000000006,
    "pct2ResTime" : 8.0,
    "pct3ResTime" : 51.57000000000039,
    "throughput" : 40.75810067250866,
    "receivedKBytesPerSec" : 12.256884297941715,
    "sentKBytesPerSec" : 5.054959751375586
  },
  "POST /rank/rebuild daily" : {
    "transaction" : "POST /rank/rebuild daily",
    "sampleCount" : 200,
    "errorCount" : 0,
    "errorPct" : 0.0,
    "meanResTime" : 31.64999999999999,
    "medianResTime" : 28.0,
    "minResTime" : 23.0,
    "maxResTime" : 115.0,
    "pct1ResTime" : 41.0,
    "pct2ResTime" : 42.0,
    "pct3ResTime" : 114.35000000000059,
    "throughput" : 41.050903119868636,
    "receivedKBytesPerSec" : 11.98373678674056,
    "sentKBytesPerSec" : 8.939796284893267
  }
}