{
  "setUp: POST /api/user/login" : {
    "transaction" : "setUp: POST /api/user/login",
    "sampleCount" : 1,
    "errorCount" : 0,
    "errorPct" : 0.0,
    "meanResTime" : 297.0,
    "medianResTime" : 297.0,
    "minResTime" : 297.0,
    "maxResTime" : 297.0,
    "pct1ResTime" : 297.0,
    "pct2ResTime" : 297.0,
    "pct3ResTime" : 297.0,
    "throughput" : 3.3670033670033668,
    "receivedKBytesPerSec" : 1.9169560185185186,
    "sentKBytesPerSec" : 0.7990056818181819
  },
  "GET /api/post/1/comments?page=1&size=20" : {
    "transaction" : "GET /api/post/1/comments?page=1&size=20",
    "sampleCount" : 5000,
    "errorCount" : 0,
    "errorPct" : 0.0,
    "meanResTime" : 1962.435999999999,
    "medianResTime" : 2148.0,
    "minResTime" : 22.0,
    "maxResTime" : 3252.0,
    "pct1ResTime" : 2553.0,
    "pct2ResTime" : 2623.0,
    "pct3ResTime" : 2767.0,
    "throughput" : 74.47901926027438,
    "receivedKBytesPerSec" : 48.14166700802884,
    "sentKBytesPerSec" : 25.60216287071932
  },
  "Total" : {
    "transaction" : "Total",
    "sampleCount" : 17401,
    "errorCount" : 4,
    "errorPct" : 0.022987185,
    "meanResTime" : 1615.5183610137392,
    "medianResTime" : 1663.0,
    "minResTime" : 8.0,
    "maxResTime" : 3890.0,
    "pct1ResTime" : 2951.0,
    "pct2ResTime" : 3123.0,
    "pct3ResTime" : 3396.0,
    "throughput" : 237.71533175776287,
    "receivedKBytesPerSec" : 176.6870260267961,
    "sentKBytesPerSec" : 85.10976786092404
  },
  "GET /api/post/search?keyword=烧烤" : {
    "transaction" : "GET /api/post/search?keyword=烧烤",
    "sampleCount" : 5000,
    "errorCount" : 0,
    "errorPct" : 0.0,
    "meanResTime" : 718.2892000000007,
    "medianResTime" : 863.0,
    "minResTime" : 8.0,
    "maxResTime" : 1813.0,
    "pct1ResTime" : 1550.0,
    "pct2ResTime" : 1599.0,
    "pct3ResTime" : 1693.9799999999996,
    "throughput" : 104.11677737750662,
    "receivedKBytesPerSec" : 81.93972077832497,
    "sentKBytesPerSec" : 38.128702652895484
  },
  "GET /api/post/1" : {
    "transaction" : "GET /api/post/1",
    "sampleCount" : 5000,
    "errorCount" : 0,
    "errorPct" : 0.0,
    "meanResTime" : 2419.855799999996,
    "medianResTime" : 2726.0,
    "minResTime" : 23.0,
    "maxResTime" : 3890.0,
    "pct1ResTime" : 3227.0,
    "pct2ResTime" : 3325.95,
    "pct3ResTime" : 3516.959999999999,
    "throughput" : 69.00454049876483,
    "receivedKBytesPerSec" : 67.56525673139292,
    "sentKBytesPerSec" : 23.046438330642154
  },
  "POST /api/post/1/like" : {
    "transaction" : "POST /api/post/1/like",
    "sampleCount" : 2400,
    "errorCount" : 4,
    "errorPct" : 0.16666667,
    "meanResTime" : 1086.847083333335,
    "medianResTime" : 1191.5,
    "minResTime" : 24.0,
    "maxResTime" : 2338.0,
    "pct1ResTime" : 1928.0,
    "pct2ResTime" : 1986.0,
    "pct3ResTime" : 2090.909999999998,
    "throughput" : 66.82444661005151,
    "receivedKBytesPerSec" : 24.237810846791035,
    "sentKBytesPerSec" : 28.12630516497285
  }
}