{
  "setUp: POST /api/user/login" : {
    "transaction" : "setUp: POST /api/user/login",
    "sampleCount" : 1,
    "errorCount" : 0,
    "errorPct" : 0.0,
    "meanResTime" : 274.0,
    "medianResTime" : 274.0,
    "minResTime" : 274.0,
    "maxResTime" : 274.0,
    "pct1ResTime" : 274.0,
    "pct2ResTime" : 274.0,
    "pct3ResTime" : 274.0,
    "throughput" : 3.6496350364963503,
    "receivedKBytesPerSec" : 2.077868385036496,
    "sentKBytesPerSec" : 0.8660755018248174
  },
  "GET /api/post/1/comments?page=1&size=20" : {
    "transaction" : "GET /api/post/1/comments?page=1&size=20",
    "sampleCount" : 5000,
    "errorCount" : 0,
    "errorPct" : 0.0,
    "meanResTime" : 1542.8343999999945,
    "medianResTime" : 924.0,
    "minResTime" : 200.0,
    "maxResTime" : 6804.0,
    "pct1ResTime" : 3712.9000000000005,
    "pct2ResTime" : 4531.499999999998,
    "pct3ResTime" : 5722.849999999997,
    "throughput" : 59.916117435590174,
    "receivedKBytesPerSec" : 38.728818716297184,
    "sentKBytesPerSec" : 20.596165368484122
  },
  "Total" : {
    "transaction" : "Total",
    "sampleCount" : 17501,
    "errorCount" : 0,
    "errorPct" : 0.0,
    "meanResTime" : 1308.625792811841,
    "medianResTime" : 904.0,
    "minResTime" : 26.0,
    "maxResTime" : 8420.0,
    "pct1ResTime" : 3067.0,
    "pct2ResTime" : 4476.699999999993,
    "pct3ResTime" : 6445.899999999998,
    "throughput" : 186.63950772643412,
    "receivedKBytesPerSec" : 138.28031893869507,
    "sentKBytesPerSec" : 66.89001653998123
  },
  "GET /api/post/search?keyword=烧烤" : {
    "transaction" : "GET /api/post/search?keyword=烧烤",
    "sampleCount" : 5000,
    "errorCount" : 0,
    "errorPct" : 0.0,
    "meanResTime" : 442.2273999999997,
    "medianResTime" : 173.0,
    "minResTime" : 33.0,
    "maxResTime" : 2801.0,
    "pct1ResTime" : 1179.800000000001,
    "pct2ResTime" : 1493.8999999999996,
    "pct3ResTime" : 2188.5999999999913,
    "throughput" : 94.66828233868526,
    "receivedKBytesPerSec" : 74.50349444297183,
    "sentKBytesPerSec" : 34.668560426764614
  },
  "POST /api/post/1/like" : {
    "transaction" : "POST /api/post/1/like",
    "sampleCount" : 2500,
    "errorCount" : 0,
    "errorPct" : 0.0,
    "meanResTime" : 1693.8039999999964,
    "medianResTime" : 1397.5,
    "minResTime" : 136.0,
    "maxResTime" : 5445.0,
    "pct1ResTime" : 2690.7000000000003,
    "pct2ResTime" : 2962.8499999999995,
    "pct3ResTime" : 4227.799999999996,
    "throughput" : 46.49778670535282,
    "receivedKBytesPerSec" : 16.866599884220513,
    "sentKBytesPerSec" : 19.57084577149128
  },
  "GET /api/post/1" : {
    "transaction" : "GET /api/post/1",
    "sampleCount" : 5000,
    "errorCount" : 0,
    "errorPct" : 0.0,
    "meanResTime" : 1748.4333999999985,
    "medianResTime" : 1105.0,
    "minResTime" : 26.0,
    "maxResTime" : 8420.0,
    "pct1ResTime" : 4863.500000000003,
    "pct2ResTime" : 5968.499999999998,
    "pct3ResTime" : 7276.98,
    "throughput" : 53.99159890721004,
    "receivedKBytesPerSec" : 52.82637162282549,
    "sentKBytesPerSec" : 18.03235041627523
  }
}