{
  "GET /feed/timeline" : {
    "transaction" : "GET /feed/timeline",
    "sampleCount" : 4000,
    "errorCount" : 0,
    "errorPct" : 0.0,
    "meanResTime" : 12.711499999999942,
    "medianResTime" : 8.0,
    "minResTime" : 5.0,
    "maxResTime" : 130.0,
    "pct1ResTime" : 20.0,
    "pct2ResTime" : 42.0,
    "pct3ResTime" : 98.92999999999847,
    "throughput" : 862.4407072013798,
    "receivedKBytesPerSec" : 4147.031612157719,
    "sentKBytesPerSec" : 128.01854247520484
  },
  "Total" : {
    "transaction" : "Total",
    "sampleCount" : 4000,
    "errorCount" : 0,
    "errorPct" : 0.0,
    "meanResTime" : 12.711499999999942,
    "medianResTime" : 8.0,
    "minResTime" : 5.0,
    "maxResTime" : 130.0,
    "pct1ResTime" : 20.0,
    "pct2ResTime" : 42.0,
    "pct3ResTime" : 98.92999999999847,
    "throughput" : 862.4407072013798,
    "receivedKBytesPerSec" : 4147.031612157719,
    "sentKBytesPerSec" : 128.01854247520484
  }
}