{
  "GET /feed/timeline" : {
    "transaction" : "GET /feed/timeline",
    "sampleCount" : 4000,
    "errorCount" : 0,
    "errorPct" : 0.0,
    "meanResTime" : 72.1497499999996,
    "medianResTime" : 8.0,
    "minResTime" : 4.0,
    "maxResTime" : 1242.0,
    "pct1ResTime" : 107.0,
    "pct2ResTime" : 221.89999999999964,
    "pct3ResTime" : 1155.9699999999993,
    "throughput" : 857.6329331046312,
    "receivedKBytesPerSec" : 4041.0007588041385,
    "sentKBytesPerSec" : 127.3048885077187
  },
  "Total" : {
    "transaction" : "Total",
    "sampleCount" : 4000,
    "errorCount" : 0,
    "errorPct" : 0.0,
    "meanResTime" : 72.1497499999996,
    "medianResTime" : 8.0,
    "minResTime" : 4.0,
    "maxResTime" : 1242.0,
    "pct1ResTime" : 107.0,
    "pct2ResTime" : 221.89999999999964,
    "pct3ResTime" : 1155.9699999999993,
    "throughput" : 857.6329331046312,
    "receivedKBytesPerSec" : 4041.0007588041385,
    "sentKBytesPerSec" : 127.3048885077187
  }
}