{
  "GET /feed/timeline" : {
    "transaction" : "GET /feed/timeline",
    "sampleCount" : 5000,
    "errorCount" : 0,
    "errorPct" : 0.0,
    "meanResTime" : 184.21560000000048,
    "medianResTime" : 151.0,
    "minResTime" : 4.0,
    "maxResTime" : 2014.0,
    "pct1ResTime" : 223.0,
    "pct2ResTime" : 946.6999999999989,
    "pct3ResTime" : 1903.8899999999976,
    "throughput" : 1023.3319688907081,
    "receivedKBytesPerSec" : 4821.73756971449,
    "sentKBytesPerSec" : 151.9008391322145
  },
  "Total" : {
    "transaction" : "Total",
    "sampleCount" : 5000,
    "errorCount" : 0,
    "errorPct" : 0.0,
    "meanResTime" : 184.21560000000048,
    "medianResTime" : 151.0,
    "minResTime" : 4.0,
    "maxResTime" : 2014.0,
    "pct1ResTime" : 223.0,
    "pct2ResTime" : 946.6999999999989,
    "pct3ResTime" : 1903.8899999999976,
    "throughput" : 1023.3319688907081,
    "receivedKBytesPerSec" : 4821.73756971449,
    "sentKBytesPerSec" : 151.9008391322145
  }
}