{
  "POST /api/user/login" : {
    "transaction" : "POST /api/user/login",
    "sampleCount" : 200,
    "errorCount" : 0,
    "errorPct" : 0.0,
    "meanResTime" : 11.47,
    "medianResTime" : 10.0,
    "minResTime" : 7.0,
    "maxResTime" : 93.0,
    "pct1ResTime" : 15.0,
    "pct2ResTime" : 19.0,
    "pct3ResTime" : 92.29000000000065,
    "throughput" : 44.79283314669653,
    "receivedKBytesPerSec" : 16.26714725643897,
    "sentKBytesPerSec" : 12.103688409854424
  },
  "Total" : {
    "transaction" : "Total",
    "sampleCount" : 800,
    "errorCount" : 600,
    "errorPct" : 75.0,
    "meanResTime" : 4.502499999999993,
    "medianResTime" : 2.0,
    "minResTime" : 0.0,
    "maxResTime" : 93.0,
    "pct1ResTime" : 10.899999999999977,
    "pct2ResTime" : 12.0,
    "pct3ResTime" : 19.0,
    "throughput" : 179.01096442157083,
    "receivedKBytesPerSec" : 32.11708435891698,
    "sentKBytesPerSec" : 35.343302472588945
  },
  "GET /api/notify/list" : {
    "transaction" : "GET /api/notify/list",
    "sampleCount" : 200,
    "errorCount" : 200,
    "errorPct" : 100.0,
    "meanResTime" : 2.1800000000000006,
    "medianResTime" : 2.0,
    "minResTime" : 0.0,
    "maxResTime" : 5.0,
    "pct1ResTime" : 3.9000000000000057,
    "pct2ResTime" : 4.0,
    "pct3ResTime" : 5.0,
    "throughput" : 46.403712296983755,
    "receivedKBytesPerSec" : 5.4832511600928076,
    "sentKBytesPerSec" : 8.33816705336427
  },
  "GET /api/notify/health" : {
    "transaction" : "GET /api/notify/health",
    "sampleCount" : 200,
    "errorCount" : 200,
    "errorPct" : 100.0,
    "meanResTime" : 2.22,
    "medianResTime" : 2.0,
    "minResTime" : 0.0,
    "maxResTime" : 5.0,
    "pct1ResTime" : 3.9000000000000057,
    "pct2ResTime" : 4.0,
    "pct3ResTime" : 4.990000000000009,
    "throughput" : 46.349942062572424,
    "receivedKBytesPerSec" : 5.476897450753186,
    "sentKBytesPerSec" : 7.74007821552723
  },
  "GET /api/notify/unread-count" : {
    "transaction" : "GET /api/notify/unread-count",
    "sampleCount" : 200,
    "errorCount" : 200,
    "errorPct" : 100.0,
    "meanResTime" : 2.1400000000000006,
    "medianResTime" : 2.0,
    "minResTime" : 0.0,
    "maxResTime" : 5.0,
    "pct1ResTime" : 3.0,
    "pct2ResTime" : 4.0,
    "pct3ResTime" : 4.990000000000009,
    "throughput" : 46.425255338904364,
    "receivedKBytesPerSec" : 5.485796773444754,
    "sentKBytesPerSec" : 8.024677924791087
  }
}