{
  "Total" : {
    "transaction" : "Total",
    "sampleCount" : 1200,
    "errorCount" : 0,
    "errorPct" : 0.0,
    "meanResTime" : 10.791666666666664,
    "medianResTime" : 6.0,
    "minResTime" : 2.0,
    "maxResTime" : 195.0,
    "pct1ResTime" : 22.0,
    "pct2ResTime" : 28.0,
    "pct3ResTime" : 51.99000000000001,
    "throughput" : 240.67388688327316,
    "receivedKBytesPerSec" : 372.4248207480947,
    "sentKBytesPerSec" : 86.80555555555556
  },
  "GET /api/notify/list" : {
    "transaction" : "GET /api/notify/list",
    "sampleCount" : 400,
    "errorCount" : 0,
    "errorPct" : 0.0,
    "meanResTime" : 22.030000000000012,
    "medianResTime" : 18.0,
    "minResTime" : 14.0,
    "maxResTime" : 195.0,
    "pct1ResTime" : 30.900000000000034,
    "pct2ResTime" : 33.94999999999999,
    "pct3ResTime" : 119.38000000000056,
    "throughput" : 82.00082000820008,
    "receivedKBytesPerSec" : 318.78579527982777,
    "sentKBytesPerSec" : 30.109676096760968
  },
  "GET /api/notify/health" : {
    "transaction" : "GET /api/notify/health",
    "sampleCount" : 400,
    "errorCount" : 0,
    "errorPct" : 0.0,
    "meanResTime" : 4.974999999999996,
    "medianResTime" : 3.0,
    "minResTime" : 2.0,
    "maxResTime" : 103.0,
    "pct1ResTime" : 7.0,
    "pct2ResTime" : 9.949999999999989,
    "pct3ResTime" : 55.63000000000034,
    "throughput" : 80.53150795248641,
    "receivedKBytesPerSec" : 31.372291498892693,
    "sentKBytesPerSec" : 28.547790416750555
  },
  "GET /api/notify/unread-count" : {
    "transaction" : "GET /api/notify/unread-count",
    "sampleCount" : 400,
    "errorCount" : 0,
    "errorPct" : 0.0,
    "meanResTime" : 5.369999999999999,
    "medianResTime" : 4.0,
    "minResTime" : 3.0,
    "maxResTime" : 39.0,
    "pct1ResTime" : 8.0,
    "pct2ResTime" : 9.0,
    "pct3ResTime" : 32.80000000000018,
    "throughput" : 85.37886872998934,
    "receivedKBytesPerSec" : 31.1732924226254,
    "sentKBytesPerSec" : 30.766408751334048
  }
}