{
  "setUp: POST /api/user/login" : {
    "transaction" : "setUp: POST /api/user/login",
    "sampleCount" : 1,
    "errorCount" : 0,
    "errorPct" : 0.0,
    "meanResTime" : 257.0,
    "medianResTime" : 257.0,
    "minResTime" : 257.0,
    "maxResTime" : 257.0,
    "pct1ResTime" : 257.0,
    "pct2ResTime" : 257.0,
    "pct3ResTime" : 257.0,
    "throughput" : 3.8910505836575875,
    "receivedKBytesPerSec" : 2.2267144941634243,
    "sentKBytesPerSec" : 0.9271643968871595
  },
  "Total" : {
    "transaction" : "Total",
    "sampleCount" : 10001,
    "errorCount" : 0,
    "errorPct" : 0.0,
    "meanResTime" : 101.42105789421043,
    "medianResTime" : 22.0,
    "minResTime" : 2.0,
    "maxResTime" : 719.0,
    "pct1ResTime" : 278.0,
    "pct2ResTime" : 309.0,
    "pct3ResTime" : 377.0,
    "throughput" : 614.0857177944247,
    "receivedKBytesPerSec" : 1285.582349295407,
    "sentKBytesPerSec" : 216.78200409861228
  },
  "GET /api/notify/list" : {
    "transaction" : "GET /api/notify/list",
    "sampleCount" : 5000,
    "errorCount" : 0,
    "errorPct" : 0.0,
    "meanResTime" : 198.9026000000002,
    "medianResTime" : 210.0,
    "minResTime" : 15.0,
    "maxResTime" : 719.0,
    "pct1ResTime" : 309.0,
    "pct2ResTime" : 341.0,
    "pct3ResTime" : 385.0,
    "throughput" : 337.35915255380877,
    "receivedKBytesPerSec" : 1289.440513566055,
    "sentKBytesPerSec" : 120.25008855677754
  },
  "GET /api/notify/unread-count" : {
    "transaction" : "GET /api/notify/unread-count",
    "sampleCount" : 5000,
    "errorCount" : 0,
    "errorPct" : 0.0,
    "meanResTime" : 3.9083999999999994,
    "medianResTime" : 4.0,
    "minResTime" : 2.0,
    "maxResTime" : 48.0,
    "pct1ResTime" : 5.0,
    "pct2ResTime" : 6.0,
    "pct3ResTime" : 9.0,
    "throughput" : 337.97485467081253,
    "receivedKBytesPerSec" : 123.4030028009666,
    "sentKBytesPerSec" : 118.15917770717859
  }
}