{
  "GET POI 火锅 武汉" : {
    "transaction" : "GET POI 火锅 武汉",
    "sampleCount" : 5000,
    "errorCount" : 0,
    "errorPct" : 0.0,
    "meanResTime" : 397.81579999999957,
    "medianResTime" : 2.0,
    "minResTime" : 1.0,
    "maxResTime" : 10606.0,
    "pct1ResTime" : 4.0,
    "pct2ResTime" : 6.0,
    "pct3ResTime" : 10156.919999999998,
    "throughput" : 134.72005173249988,
    "receivedKBytesPerSec" : 569.8119044952714,
    "sentKBytesPerSec" : 24.60219694724363
  },
  "GET POI 星巴克" : {
    "transaction" : "GET POI 星巴克",
    "sampleCount" : 5000,
    "errorCount" : 0,
    "errorPct" : 0.0,
    "meanResTime" : 10.440200000000026,
    "medianResTime" : 2.0,
    "minResTime" : 1.0,
    "maxResTime" : 21077.0,
    "pct1ResTime" : 3.0,
    "pct2ResTime" : 4.0,
    "pct3ResTime" : 188.97999999999956,
    "throughput" : 183.72896303373264,
    "receivedKBytesPerSec" : 857.1649415282576,
    "sentKBytesPerSec" : 30.86072425957228
  },
  "GET nearby radius=3km" : {
    "transaction" : "GET nearby radius=3km",
    "sampleCount" : 5000,
    "errorCount" : 0,
    "errorPct" : 0.0,
    "meanResTime" : 466.2638000000007,
    "medianResTime" : 510.0,
    "minResTime" : 8.0,
    "maxResTime" : 1207.0,
    "pct1ResTime" : 597.0,
    "pct2ResTime" : 646.0,
    "pct3ResTime" : 790.9899999999998,
    "throughput" : 134.43028445448192,
    "receivedKBytesPerSec" : 325.29568886278696,
    "sentKBytesPerSec" : 23.630323439264394
  },
  "Total" : {
    "transaction" : "Total",
    "sampleCount" : 25000,
    "errorCount" : 0,
    "errorPct" : 0.0,
    "meanResTime" : 268.78240000000125,
    "medianResTime" : 3.0,
    "minResTime" : 0.0,
    "maxResTime" : 21077.0,
    "pct1ResTime" : 552.0,
    "pct2ResTime" : 588.0,
    "pct3ResTime" : 754.0,
    "throughput" : 665.2828782798446,
    "receivedKBytesPerSec" : 1837.4696256785885,
    "sentKBytesPerSec" : 110.57729090159135
  },
  "GET nearby radius=1km" : {
    "transaction" : "GET nearby radius=1km",
    "sampleCount" : 5000,
    "errorCount" : 0,
    "errorPct" : 0.0,
    "meanResTime" : 468.4488000000006,
    "medianResTime" : 509.0,
    "minResTime" : 8.0,
    "maxResTime" : 1148.0,
    "pct1ResTime" : 602.0,
    "pct2ResTime" : 684.9499999999998,
    "pct3ResTime" : 799.0,
    "throughput" : 133.30844908950328,
    "receivedKBytesPerSec" : 280.4027623177007,
    "sentKBytesPerSec" : 23.433125816514252
  },
  "GET /location/health" : {
    "transaction" : "GET /location/health",
    "sampleCount" : 5000,
    "errorCount" : 0,
    "errorPct" : 0.0,
    "meanResTime" : 0.9433999999999996,
    "medianResTime" : 1.0,
    "minResTime" : 0.0,
    "maxResTime" : 55.0,
    "pct1ResTime" : 1.0,
    "pct2ResTime" : 2.0,
    "pct3ResTime" : 4.0,
    "throughput" : 133.1309742524696,
    "receivedKBytesPerSec" : 52.11900827409005,
    "sentKBytesPerSec" : 17.161414649732407
  }
}