{
  "GET POI 火锅 武汉" : {
    "transaction" : "GET POI 火锅 武汉",
    "sampleCount" : 1000,
    "errorCount" : 0,
    "errorPct" : 0.0,
    "meanResTime" : 2.2639999999999985,
    "medianResTime" : 2.0,
    "minResTime" : 1.0,
    "maxResTime" : 11.0,
    "pct1ResTime" : 3.0,
    "pct2ResTime" : 3.0,
    "pct3ResTime" : 4.0,
    "throughput" : 190.65776930409913,
    "receivedKBytesPerSec" : 834.1080046472831,
    "sentKBytesPerSec" : 34.817385605338416
  },
  "GET POI 星巴克" : {
    "transaction" : "GET POI 星巴克",
    "sampleCount" : 1000,
    "errorCount" : 0,
    "errorPct" : 0.0,
    "meanResTime" : 2.1249999999999973,
    "medianResTime" : 2.0,
    "minResTime" : 1.0,
    "maxResTime" : 7.0,
    "pct1ResTime" : 3.0,
    "pct2ResTime" : 3.0,
    "pct3ResTime" : 4.0,
    "throughput" : 190.7304978065993,
    "receivedKBytesPerSec" : 928.4619075433911,
    "sentKBytesPerSec" : 32.03676330345222
  },
  "GET nearby radius=3km" : {
    "transaction" : "GET nearby radius=3km",
    "sampleCount" : 1000,
    "errorCount" : 0,
    "errorPct" : 0.0,
    "meanResTime" : 4.511999999999992,
    "medianResTime" : 4.0,
    "minResTime" : 3.0,
    "maxResTime" : 16.0,
    "pct1ResTime" : 5.0,
    "pct2ResTime" : 6.0,
    "pct3ResTime" : 7.990000000000009,
    "throughput" : 190.47619047619045,
    "receivedKBytesPerSec" : 156.2295386904762,
    "sentKBytesPerSec" : 33.482142857142854
  },
  "Total" : {
    "transaction" : "Total",
    "sampleCount" : 5000,
    "errorCount" : 0,
    "errorPct" : 0.0,
    "meanResTime" : 2.767000000000005,
    "medianResTime" : 2.0,
    "minResTime" : 0.0,
    "maxResTime" : 52.0,
    "pct1ResTime" : 5.0,
    "pct2ResTime" : 5.0,
    "pct3ResTime" : 7.0,
    "throughput" : 939.8496240601504,
    "receivedKBytesPerSec" : 2119.3135426456765,
    "sentKBytesPerSec" : 156.21328712406014
  },
  "GET nearby radius=1km" : {
    "transaction" : "GET nearby radius=1km",
    "sampleCount" : 1000,
    "errorCount" : 0,
    "errorPct" : 0.0,
    "meanResTime" : 4.244999999999993,
    "medianResTime" : 4.0,
    "minResTime" : 3.0,
    "maxResTime" : 14.0,
    "pct1ResTime" : 5.0,
    "pct2ResTime" : 6.0,
    "pct3ResTime" : 9.0,
    "throughput" : 190.22256039566292,
    "receivedKBytesPerSec" : 156.02002389670915,
    "sentKBytesPerSec" : 33.437559444550125
  },
  "GET /location/health" : {
    "transaction" : "GET /location/health",
    "sampleCount" : 1000,
    "errorCount" : 0,
    "errorPct" : 0.0,
    "meanResTime" : 0.6890000000000001,
    "medianResTime" : 1.0,
    "minResTime" : 0.0,
    "maxResTime" : 52.0,
    "pct1ResTime" : 1.0,
    "pct2ResTime" : 1.0,
    "pct3ResTime" : 2.990000000000009,
    "throughput" : 188.35938971557732,
    "receivedKBytesPerSec" : 73.74711574684498,
    "sentKBytesPerSec" : 24.280702580523638
  }
}