{
  "GET /user/1" : {
    "transaction" : "GET /user/1",
    "sampleCount" : 2000,
    "errorCount" : 0,
    "errorPct" : 0.0,
    "meanResTime" : 1.7699999999999991,
    "medianResTime" : 2.0,
    "minResTime" : 1.0,
    "maxResTime" : 10.0,
    "pct1ResTime" : 2.0,
    "pct2ResTime" : 3.0,
    "pct3ResTime" : 4.0,
    "throughput" : 404.122044857547,
    "receivedKBytesPerSec" : 219.7770777556072,
    "sentKBytesPerSec" : 61.565467771266924
  },
  "Total" : {
    "transaction" : "Total",
    "sampleCount" : 7500,
    "errorCount" : 0,
    "errorPct" : 0.0,
    "meanResTime" : 1.9828000000000048,
    "medianResTime" : 2.0,
    "minResTime" : 0.0,
    "maxResTime" : 26.0,
    "pct1ResTime" : 4.0,
    "pct2ResTime" : 5.0,
    "pct3ResTime" : 8.0,
    "throughput" : 1501.5015015015015,
    "receivedKBytesPerSec" : 586.8419200450451,
    "sentKBytesPerSec" : 302.05987237237235
  },
  "登录获取Token" : {
    "transaction" : "登录获取Token",
    "sampleCount" : 2500,
    "errorCount" : 0,
    "errorPct" : 0.0,
    "meanResTime" : 1.599999999999997,
    "medianResTime" : 1.0,
    "minResTime" : 0.0,
    "maxResTime" : 26.0,
    "pct1ResTime" : 2.0,
    "pct2ResTime" : 3.0,
    "pct3ResTime" : 7.0,
    "throughput" : 500.80128205128204,
    "receivedKBytesPerSec" : 167.6917442908654,
    "sentKBytesPerSec" : 111.99559920873398
  },
  "POST /user/login" : {
    "transaction" : "POST /user/login",
    "sampleCount" : 2000,
    "errorCount" : 0,
    "errorPct" : 0.0,
    "meanResTime" : 1.5605000000000004,
    "medianResTime" : 1.0,
    "minResTime" : 1.0,
    "maxResTime" : 26.0,
    "pct1ResTime" : 2.0,
    "pct2ResTime" : 3.0,
    "pct3ResTime" : 6.0,
    "throughput" : 414.6796599626788,
    "receivedKBytesPerSec" : 138.85410727244454,
    "sentKBytesPerSec" : 92.7359786439975
  },
  "POST /user/follow/2" : {
    "transaction" : "POST /user/follow/2",
    "sampleCount" : 500,
    "errorCount" : 0,
    "errorPct" : 0.0,
    "meanResTime" : 5.5719999999999965,
    "medianResTime" : 5.0,
    "minResTime" : 3.0,
    "maxResTime" : 24.0,
    "pct1ResTime" : 8.0,
    "pct2ResTime" : 10.0,
    "pct3ResTime" : 16.0,
    "throughput" : 102.98661174047375,
    "receivedKBytesPerSec" : 34.28086380020597,
    "sentKBytesPerSec" : 22.528321318228627
  },
  "GET /user/1/following" : {
    "transaction" : "GET /user/1/following",
    "sampleCount" : 500,
    "errorCount" : 0,
    "errorPct" : 0.0,
    "meanResTime" : 2.8480000000000003,
    "medianResTime" : 3.0,
    "minResTime" : 1.0,
    "maxResTime" : 10.0,
    "pct1ResTime" : 4.0,
    "pct2ResTime" : 5.0,
    "pct3ResTime" : 8.0,
    "throughput" : 103.07153164296022,
    "receivedKBytesPerSec" : 35.11739686404865,
    "sentKBytesPerSec" : 18.21869846423418
  }
}